{
  "Home Page-1" : {
    "transaction" : "Home Page-1",
    "sampleCount" : 200,
    "errorCount" : 0,
    "errorPct" : 0.0,
    "meanResTime" : 37607.87500000001,
    "medianResTime" : 19456.0,
    "minResTime" : 7180.0,
    "maxResTime" : 280275.0,
    "pct1ResTime" : 72847.10000000002,
    "pct2ResTime" : 160637.8999999995,
    "pct3ResTime" : 280027.31,
    "throughput" : 0.7134575938642647,
    "receivedKBytesPerSec" : 97.80620150717917,
    "sentKBytesPerSec" : 0.08082136805493624
  },
  "ToysPage-1" : {
    "transaction" : "ToysPage-1",
    "sampleCount" : 200,
    "errorCount" : 0,
    "errorPct" : 0.0,
    "meanResTime" : 20956.435,
    "medianResTime" : 19913.5,
    "minResTime" : 427.0,
    "maxResTime" : 71356.0,
    "pct1ResTime" : 38399.5,
    "pct2ResTime" : 46075.44999999999,
    "pct3ResTime" : 68943.94,
    "throughput" : 0.9614829913658828,
    "receivedKBytesPerSec" : 340.3624203095855,
    "sentKBytesPerSec" : 0.11267378805068938
  },
  "WinterCollection-0" : {
    "transaction" : "WinterCollection-0",
    "sampleCount" : 200,
    "errorCount" : 0,
    "errorPct" : 0.0,
    "meanResTime" : 231.1550000000001,
    "medianResTime" : 113.0,
    "minResTime" : 69.0,
    "maxResTime" : 2407.0,
    "pct1ResTime" : 508.30000000000007,
    "pct2ResTime" : 726.6999999999992,
    "pct3ResTime" : 1590.4500000000032,
    "throughput" : 0.7557179509463477,
    "receivedKBytesPerSec" : 0.5940946782341895,
    "sentKBytesPerSec" : 0.09815477292564868
  },
  "Home Page-0" : {
    "transaction" : "Home Page-0",
    "sampleCount" : 200,
    "errorCount" : 0,
    "errorPct" : 0.0,
    "meanResTime" : 186.77999999999997,
    "medianResTime" : 167.5,
    "minResTime" : 135.0,
    "maxResTime" : 282.0,
    "pct1ResTime" : 257.0,
    "pct2ResTime" : 270.9,
    "pct3ResTime" : 280.99,
    "throughput" : 221.48394241417495,
    "receivedKBytesPerSec" : 170.43881506090807,
    "sentKBytesPerSec" : 25.08997785160576
  },
  "WinterCollection-1" : {
    "transaction" : "WinterCollection-1",
    "sampleCount" : 200,
    "errorCount" : 0,
    "errorPct" : 0.0,
    "meanResTime" : 28898.619999999995,
    "medianResTime" : 21287.0,
    "minResTime" : 374.0,
    "maxResTime" : 195723.0,
    "pct1ResTime" : 55103.50000000001,
    "pct2ResTime" : 72904.04999999993,
    "pct3ResTime" : 184552.86000000063,
    "throughput" : 0.7537896776041549,
    "receivedKBytesPerSec" : 161.13223096304168,
    "sentKBytesPerSec" : 0.09790432336069589
  },
  "ToysPage-0" : {
    "transaction" : "ToysPage-0",
    "sampleCount" : 200,
    "errorCount" : 0,
    "errorPct" : 0.0,
    "meanResTime" : 229.94999999999985,
    "medianResTime" : 113.0,
    "minResTime" : 69.0,
    "maxResTime" : 1917.0,
    "pct1ResTime" : 468.6,
    "pct2ResTime" : 843.1499999999994,
    "pct3ResTime" : 1887.700000000002,
    "throughput" : 0.9629968461853288,
    "receivedKBytesPerSec" : 0.7448178732214652,
    "sentKBytesPerSec" : 0.1128511929123432
  },
  "Registration-1" : {
    "transaction" : "Registration-1",
    "sampleCount" : 200,
    "errorCount" : 0,
    "errorPct" : 0.0,
    "meanResTime" : 21333.675000000014,
    "medianResTime" : 14204.0,
    "minResTime" : 576.0,
    "maxResTime" : 183451.0,
    "pct1ResTime" : 33803.700000000004,
    "pct2ResTime" : 58702.64999999998,
    "pct3ResTime" : 175055.91000000003,
    "throughput" : 0.7304308446337072,
    "receivedKBytesPerSec" : 101.19300470945288,
    "sentKBytesPerSec" : 0.08845061009236299
  },
  "Registration-0" : {
    "transaction" : "Registration-0",
    "sampleCount" : 200,
    "errorCount" : 0,
    "errorPct" : 0.0,
    "meanResTime" : 272.1650000000002,
    "medianResTime" : 112.5,
    "minResTime" : 99.0,
    "maxResTime" : 2557.0,
    "pct1ResTime" : 646.8000000000003,
    "pct2ResTime" : 1277.6999999999998,
    "pct3ResTime" : 2379.100000000007,
    "throughput" : 0.7318367272261559,
    "receivedKBytesPerSec" : 0.5688887059297071,
    "sentKBytesPerSec" : 0.0886208536875423
  },
  "ToysPage" : {
    "transaction" : "ToysPage",
    "sampleCount" : 200,
    "errorCount" : 0,
    "errorPct" : 0.0,
    "meanResTime" : 21186.469999999987,
    "medianResTime" : 20133.0,
    "minResTime" : 500.0,
    "maxResTime" : 71465.0,
    "pct1ResTime" : 38822.5,
    "pct2ResTime" : 46178.69999999999,
    "pct3ResTime" : 69152.92000000001,
    "throughput" : 0.9604625587683028,
    "receivedKBytesPerSec" : 340.74404764584625,
    "sentKBytesPerSec" : 0.22510841221132097
  },
  "ElectronicsPage-0" : {
    "transaction" : "ElectronicsPage-0",
    "sampleCount" : 200,
    "errorCount" : 0,
    "errorPct" : 0.0,
    "meanResTime" : 387.8249999999999,
    "medianResTime" : 204.0,
    "minResTime" : 70.0,
    "maxResTime" : 6346.0,
    "pct1ResTime" : 1205.9,
    "pct2ResTime" : 1236.75,
    "pct3ResTime" : 3231.9300000000003,
    "throughput" : 0.8769045270196207,
    "receivedKBytesPerSec" : 0.6842253096569111,
    "sentKBytesPerSec" : 0.108756713800285
  },
  "WinterCollection" : {
    "transaction" : "WinterCollection",
    "sampleCount" : 200,
    "errorCount" : 0,
    "errorPct" : 0.0,
    "meanResTime" : 29129.914999999986,
    "medianResTime" : 21396.0,
    "minResTime" : 446.0,
    "maxResTime" : 195835.0,
    "pct1ResTime" : 55210.700000000004,
    "pct2ResTime" : 73041.54999999993,
    "pct3ResTime" : 184758.91000000061,
    "throughput" : 0.7534971687343884,
    "receivedKBytesPerSec" : 161.66205228140106,
    "sentKBytesPerSec" : 0.1957326629720189
  },
  "MobilePage-0" : {
    "transaction" : "MobilePage-0",
    "sampleCount" : 200,
    "errorCount" : 0,
    "errorPct" : 0.0,
    "meanResTime" : 586.0950000000001,
    "medianResTime" : 186.0,
    "minResTime" : 71.0,
    "maxResTime" : 39076.0,
    "pct1ResTime" : 933.5000000000001,
    "pct2ResTime" : 1229.75,
    "pct3ResTime" : 9367.430000000044,
    "throughput" : 0.7967524370665169,
    "receivedKBytesPerSec" : 0.6177943701472797,
    "sentKBytesPerSec" : 0.09492558332237798
  },
  "ElectronicsPage" : {
    "transaction" : "ElectronicsPage",
    "sampleCount" : 200,
    "errorCount" : 0,
    "errorPct" : 0.0,
    "meanResTime" : 30764.754999999983,
    "medianResTime" : 23994.0,
    "minResTime" : 494.0,
    "maxResTime" : 197374.0,
    "pct1ResTime" : 53089.000000000015,
    "pct2ResTime" : 89504.55,
    "pct3ResTime" : 186657.28000000006,
    "throughput" : 0.8746075198754558,
    "receivedKBytesPerSec" : 267.60567428276715,
    "sentKBytesPerSec" : 0.2169436621566072
  },
  "ElectronicsPage-1" : {
    "transaction" : "ElectronicsPage-1",
    "sampleCount" : 200,
    "errorCount" : 0,
    "errorPct" : 0.0,
    "meanResTime" : 30376.834999999995,
    "medianResTime" : 23840.0,
    "minResTime" : 422.0,
    "maxResTime" : 197151.0,
    "pct1ResTime" : 52882.90000000001,
    "pct2ResTime" : 89370.4,
    "pct3ResTime" : 186086.88000000003,
    "throughput" : 0.8750705525633004,
    "receivedKBytesPerSec" : 267.0645551510481,
    "sentKBytesPerSec" : 0.10852925798392496
  },
  "MobilePage-1" : {
    "transaction" : "MobilePage-1",
    "sampleCount" : 200,
    "errorCount" : 0,
    "errorPct" : 0.0,
    "meanResTime" : 32360.089999999986,
    "medianResTime" : 25633.5,
    "minResTime" : 451.0,
    "maxResTime" : 179471.0,
    "pct1ResTime" : 64504.10000000003,
    "pct2ResTime" : 102459.84999999987,
    "pct3ResTime" : 174357.4700000004,
    "throughput" : 0.794773569010189,
    "receivedKBytesPerSec" : 228.3038302621958,
    "sentKBytesPerSec" : 0.09468981974535455
  },
  "MobilePage" : {
    "transaction" : "MobilePage",
    "sampleCount" : 200,
    "errorCount" : 0,
    "errorPct" : 0.0,
    "meanResTime" : 32946.325000000004,
    "medianResTime" : 26257.0,
    "minResTime" : 525.0,
    "maxResTime" : 180407.0,